Epoch, Ratio of 1s (if random), Location of ASM (if needed), K (if needed), Accuracy, Loss
31, 0.8, , 5, 0.16339591145515442, 0.030714627266337034
32, 0.8, , 5, 0.16638225317001343, nan
33, 0.8, , 5, 0.16510239243507385, nan
34, 0.8, , 5, 0.16595563292503357, nan
35, 0.8, , 5, 0.16595563292503357, nan
36, 0.8, , 5, 0.16595563292503357, nan
37, 0.8, , 5, 0.16595563292503357, nan
38, 0.8, , 5, 0.16595563292503357, nan
39, 0.8, , 5, 0.16595563292503357, nan
40, 0.8, , 5, 0.16595563292503357, nan
41, 0.8, , 5, 0.16595563292503357, nan
42, 0.8, , 5, 0.16595563292503357, nan
43, 0.8, , 5, 0.16595563292503357, nan
44, 0.8, , 5, 0.16595563292503357, nan
45, 0.8, , 5, 0.16595563292503357, nan
46, 0.8, , 5, 0.16595563292503357, nan
47, 0.8, , 5, 0.16595563292503357, nan
48, 0.8, , 5, 0.16595563292503357, nan
49, 0.8, , 5, 0.16595563292503357, nan
50, 0.8, , 5, 0.16595563292503357, nan
51, 0.8, , 5, 0.16595563292503357, nan
52, 0.8, , 5, 0.16595563292503357, nan
53, 0.8, , 5, 0.16595563292503357, nan
54, 0.8, , 5, 0.16595563292503357, nan
55, 0.8, , 5, 0.16595563292503357, nan
56, 0.8, , 5, 0.164675772190094, nan
57, 0.8, , 5, 0.16595563292503357, nan
58, 0.8, , 5, 0.16595563292503357, nan
59, 0.8, , 5, 0.16595563292503357, nan
60, 0.8, , 5, 0.16595563292503357, nan
61, 0.6, , 5, 0.1616894155740738, 0.030716716531193705
62, 0.6, , 5, 0.15998293459415436, nan
63, 0.6, , 5, 0.15784983336925507, nan
64, 0.6, , 5, 0.16211603581905365, nan
65, 0.6, , 5, 0.15784983336925507, nan
66, 0.6, , 5, 0.15784983336925507, nan
67, 0.6, , 5, 0.15784983336925507, nan
68, 0.6, , 5, 0.15998293459415436, nan
69, 0.6, , 5, 0.15998293459415436, nan
70, 0.6, , 5, 0.15998293459415436, nan
71, 0.6, , 5, 0.16211603581905365, nan
72, 0.6, , 5, 0.15998293459415436, nan
73, 0.6, , 5, 0.1595563143491745, nan
74, 0.6, , 5, 0.15784983336925507, nan
75, 0.6, , 5, 0.15998293459415436, nan
76, 0.6, , 5, 0.1616894155740738, nan
77, 0.6, , 5, 0.15998293459415436, nan
78, 0.6, , 5, 0.15998293459415436, nan
79, 0.6, , 5, 0.16211603581905365, nan
80, 0.6, , 5, 0.1616894155740738, nan
81, 0.6, , 5, 0.15998293459415436, nan
82, 0.6, , 5, 0.15998293459415436, nan
83, 0.6, , 5, 0.15998293459415436, nan
84, 0.6, , 5, 0.16211603581905365, nan
85, 0.6, , 5, 0.1616894155740738, nan
86, 0.6, , 5, 0.15998293459415436, nan
87, 0.6, , 5, 0.1595563143491745, nan
88, 0.6, , 5, 0.15998293459415436, nan
89, 0.6, , 5, 0.15784983336925507, nan
90, 0.6, , 5, 0.15998293459415436, nan
91, 0.4, , 5, 0.1616894155740738, 0.03071671388661902
92, 0.4, , 5, 0.1616894155740738, 0.03071670473232204
93, 0.4, , 5, 0.1616894155740738, 0.030716696239168735
94, 0.4, , 5, 0.1616894155740738, 0.030716679914005788
95, 0.4, , 5, 0.1616894155740738, 0.030716661605411828
96, 0.4, , 5, 0.1616894155740738, 0.03071665245111485
97, 0.4, , 5, 0.1616894155740738, 0.030716648484252825
98, 0.4, , 5, 0.1616894155740738, 0.030716634752807358
99, 0.4, , 5, 0.1616894155740738, 0.03071662168250556
100, 0.4, , 5, 0.1616894155740738, 0.03071660728991642
101, 0.4, , 5, 0.1616894155740738, 0.03071659813561944
102, 0.4, , 5, 0.1616894155740738, 0.030716590913896266
103, 0.4, , 5, 0.1616894155740738, 0.030716579115024605
104, 0.4, , 5, 0.1616894155740738, 0.03071656345100533
105, 0.4, , 5, 0.1616894155740738, 0.030716550329846326
106, 0.4, , 5, 0.1616894155740738, 0.030716537971545405
107, 0.4, , 5, 0.1616894155740738, 0.030716531360108698
108, 0.4, , 5, 0.1616894155740738, 0.03071651884923616
109, 0.4, , 5, 0.1616894155740738, 0.03071650379550335
110, 0.4, , 5, 0.1616894155740738, 0.03071649342063344
111, 0.4, , 5, 0.1616894155740738, 0.030716486097195857
112, 0.4, , 5, 0.1616894155740738, 0.030716478214329015
113, 0.4, , 5, 0.1616894155740738, 0.03071646575431368
114, 0.4, , 5, 0.1616894155740738, 0.030716447394862515
115, 0.4, , 5, 0.1616894155740738, 0.030716446733718848
116, 0.4, , 5, 0.1616894155740738, 0.030716444801145038
117, 0.4, , 5, 0.1616894155740738, 0.030716444750287834
118, 0.4, , 5, 0.1616894155740738, 0.030716444089144163
119, 0.4, , 5, 0.1616894155740738, 0.030716443428000492
120, 0.4, , 5, 0.1616894155740738, 0.03071644210571315
121, 0.2, , 5, 0.1616894155740738, 0.03071671388661902
122, 0.2, , 5, 0.1616894155740738, 0.03071670473232204
123, 0.2, , 5, 0.1616894155740738, 0.030716696239168735
124, 0.2, , 5, 0.1616894155740738, 0.030716679914005788
125, 0.2, , 5, 0.1616894155740738, 0.030716661605411828
126, 0.2, , 5, 0.1616894155740738, 0.03071665245111485
127, 0.2, , 5, 0.1616894155740738, 0.030716648484252825
128, 0.2, , 5, 0.1616894155740738, 0.030716634752807358
129, 0.2, , 5, 0.1616894155740738, 0.03071662168250556
130, 0.2, , 5, 0.1616894155740738, 0.03071660728991642
131, 0.2, , 5, 0.1616894155740738, 0.03071659813561944
132, 0.2, , 5, 0.1616894155740738, 0.030716590913896266
133, 0.2, , 5, 0.1616894155740738, 0.030716579115024605
134, 0.2, , 5, 0.1616894155740738, 0.03071656345100533
135, 0.2, , 5, 0.1616894155740738, 0.030716550329846326
136, 0.2, , 5, 0.1616894155740738, 0.030716537971545405
137, 0.2, , 5, 0.1616894155740738, 0.030716531360108698
138, 0.2, , 5, 0.1616894155740738, 0.03071651884923616
139, 0.2, , 5, 0.1616894155740738, 0.03071650379550335
140, 0.2, , 5, 0.1616894155740738, 0.03071649342063344
141, 0.2, , 5, 0.1616894155740738, 0.030716486097195857
142, 0.2, , 5, 0.1616894155740738, 0.030716478214329015
143, 0.2, , 5, 0.1616894155740738, 0.03071646575431368
144, 0.2, , 5, 0.1616894155740738, 0.030716447394862515
145, 0.2, , 5, 0.1616894155740738, 0.030716446733718848
146, 0.2, , 5, 0.1616894155740738, 0.030716444801145038
147, 0.2, , 5, 0.1616894155740738, 0.030716444750287834
148, 0.2, , 5, 0.1616894155740738, 0.030716444089144163
149, 0.2, , 5, 0.1616894155740738, 0.030716443428000492
150, 0.2, , 5, 0.1616894155740738, 0.03071644210571315
151, 1.0, , 5, 0.16211603581905365, 0.03418157796404061
152, 1.0, , 5, 0.16595563292503357, nan
153, 1.0, , 5, 0.16595563292503357, nan
154, 1.0, , 5, 0.16595563292503357, nan
155, 1.0, , 5, 0.16595563292503357, nan
156, 1.0, , 5, 0.16595563292503357, nan
157, 1.0, , 5, 0.16595563292503357, nan
158, 1.0, , 5, 0.16595563292503357, nan
159, 1.0, , 5, 0.16595563292503357, nan
160, 1.0, , 5, 0.16595563292503357, nan
161, 1.0, , 5, 0.16595563292503357, nan
162, 1.0, , 5, 0.16595563292503357, nan
163, 1.0, , 5, 0.16595563292503357, nan
164, 1.0, , 5, 0.16595563292503357, nan
165, 1.0, , 5, 0.16595563292503357, nan
166, 1.0, , 5, 0.16595563292503357, nan
167, 1.0, , 5, 0.16595563292503357, nan
168, 1.0, , 5, 0.16595563292503357, nan
169, 1.0, , 5, 0.16595563292503357, nan
170, 1.0, , 5, 0.16595563292503357, nan
171, 1.0, , 5, 0.16595563292503357, nan
172, 1.0, , 5, 0.16595563292503357, nan
173, 1.0, , 5, 0.16595563292503357, nan
174, 1.0, , 5, 0.16595563292503357, nan
175, 1.0, , 5, 0.16595563292503357, nan
176, 1.0, , 5, 0.16595563292503357, nan
177, 1.0, , 5, 0.16595563292503357, nan
178, 1.0, , 5, 0.16595563292503357, nan
179, 1.0, , 5, 0.16595563292503357, nan
180, 1.0, , 5, 0.16595563292503357, nan
181, 0.8, , 5, 0.16339591145515442, 0.030714627266337034
182, 0.8, , 5, 0.16638225317001343, nan
183, 0.8, , 5, 0.16510239243507385, nan
184, 0.8, , 5, 0.16595563292503357, nan
185, 0.8, , 5, 0.16595563292503357, nan
186, 0.8, , 5, 0.16595563292503357, nan
187, 0.8, , 5, 0.16595563292503357, nan
188, 0.8, , 5, 0.16595563292503357, nan
189, 0.8, , 5, 0.16595563292503357, nan
190, 0.8, , 5, 0.16595563292503357, nan
191, 0.8, , 5, 0.16595563292503357, nan
192, 0.8, , 5, 0.16595563292503357, nan
193, 0.8, , 5, 0.16595563292503357, nan
194, 0.8, , 5, 0.16595563292503357, nan
195, 0.8, , 5, 0.16595563292503357, nan
196, 0.8, , 5, 0.16595563292503357, nan
197, 0.8, , 5, 0.16595563292503357, nan
198, 0.8, , 5, 0.16595563292503357, nan
199, 0.8, , 5, 0.16595563292503357, nan
200, 0.8, , 5, 0.16595563292503357, nan
201, 0.8, , 5, 0.16595563292503357, nan
202, 0.8, , 5, 0.16595563292503357, nan
203, 0.8, , 5, 0.16595563292503357, nan
204, 0.8, , 5, 0.16595563292503357, nan
205, 0.8, , 5, 0.16595563292503357, nan
206, 0.8, , 5, 0.164675772190094, nan
207, 0.8, , 5, 0.16595563292503357, nan
208, 0.8, , 5, 0.16595563292503357, nan
209, 0.8, , 5, 0.16595563292503357, nan
210, 0.8, , 5, 0.16595563292503357, nan
211, 0.6, , 5, 0.1616894155740738, 0.030716716531193705
212, 0.6, , 5, 0.15998293459415436, nan
213, 0.6, , 5, 0.15784983336925507, nan
214, 0.6, , 5, 0.16211603581905365, nan
215, 0.6, , 5, 0.15784983336925507, nan
216, 0.6, , 5, 0.15784983336925507, nan
217, 0.6, , 5, 0.15784983336925507, nan
218, 0.6, , 5, 0.15998293459415436, nan
219, 0.6, , 5, 0.15998293459415436, nan
220, 0.6, , 5, 0.15998293459415436, nan
221, 0.6, , 5, 0.16211603581905365, nan
222, 0.6, , 5, 0.15998293459415436, nan
223, 0.6, , 5, 0.1595563143491745, nan
224, 0.6, , 5, 0.15784983336925507, nan
225, 0.6, , 5, 0.15998293459415436, nan
226, 0.6, , 5, 0.1616894155740738, nan
227, 0.6, , 5, 0.15998293459415436, nan
228, 0.6, , 5, 0.15998293459415436, nan
229, 0.6, , 5, 0.16211603581905365, nan
230, 0.6, , 5, 0.1616894155740738, nan
231, 0.6, , 5, 0.15998293459415436, nan
232, 0.6, , 5, 0.15998293459415436, nan
233, 0.6, , 5, 0.15998293459415436, nan
234, 0.6, , 5, 0.16211603581905365, nan
235, 0.6, , 5, 0.1616894155740738, nan
236, 0.6, , 5, 0.15998293459415436, nan
237, 0.6, , 5, 0.1595563143491745, nan
238, 0.6, , 5, 0.15998293459415436, nan
239, 0.6, , 5, 0.15784983336925507, nan
240, 0.6, , 5, 0.15998293459415436, nan
241, 0.4, , 5, 0.1616894155740738, 0.03071671388661902
242, 0.4, , 5, 0.1616894155740738, 0.03071670473232204
243, 0.4, , 5, 0.1616894155740738, 0.030716696239168735
244, 0.4, , 5, 0.1616894155740738, 0.030716679914005788
245, 0.4, , 5, 0.1616894155740738, 0.030716661605411828
246, 0.4, , 5, 0.1616894155740738, 0.03071665245111485
247, 0.4, , 5, 0.1616894155740738, 0.030716648484252825
248, 0.4, , 5, 0.1616894155740738, 0.030716634752807358
249, 0.4, , 5, 0.1616894155740738, 0.03071662168250556
250, 0.4, , 5, 0.1616894155740738, 0.03071660728991642
251, 0.4, , 5, 0.1616894155740738, 0.03071659813561944
252, 0.4, , 5, 0.1616894155740738, 0.030716590913896266
253, 0.4, , 5, 0.1616894155740738, 0.030716579115024605
254, 0.4, , 5, 0.1616894155740738, 0.03071656345100533
255, 0.4, , 5, 0.1616894155740738, 0.030716550329846326
256, 0.4, , 5, 0.1616894155740738, 0.030716537971545405
257, 0.4, , 5, 0.1616894155740738, 0.030716531360108698
258, 0.4, , 5, 0.1616894155740738, 0.03071651884923616
259, 0.4, , 5, 0.1616894155740738, 0.03071650379550335
260, 0.4, , 5, 0.1616894155740738, 0.03071649342063344
261, 0.4, , 5, 0.1616894155740738, 0.030716486097195857
262, 0.4, , 5, 0.1616894155740738, 0.030716478214329015
263, 0.4, , 5, 0.1616894155740738, 0.03071646575431368
264, 0.4, , 5, 0.1616894155740738, 0.030716447394862515
265, 0.4, , 5, 0.1616894155740738, 0.030716446733718848
266, 0.4, , 5, 0.1616894155740738, 0.030716444801145038
267, 0.4, , 5, 0.1616894155740738, 0.030716444750287834
268, 0.4, , 5, 0.1616894155740738, 0.030716444089144163
269, 0.4, , 5, 0.1616894155740738, 0.030716443428000492
270, 0.4, , 5, 0.1616894155740738, 0.03071644210571315
271, 0.2, , 5, 0.1616894155740738, 0.03071671388661902
272, 0.2, , 5, 0.1616894155740738, 0.03071670473232204
273, 0.2, , 5, 0.1616894155740738, 0.030716696239168735
274, 0.2, , 5, 0.1616894155740738, 0.030716679914005788
275, 0.2, , 5, 0.1616894155740738, 0.030716661605411828
276, 0.2, , 5, 0.1616894155740738, 0.03071665245111485
277, 0.2, , 5, 0.1616894155740738, 0.030716648484252825
278, 0.2, , 5, 0.1616894155740738, 0.030716634752807358
279, 0.2, , 5, 0.1616894155740738, 0.03071662168250556
280, 0.2, , 5, 0.1616894155740738, 0.03071660728991642
281, 0.2, , 5, 0.1616894155740738, 0.03071659813561944
282, 0.2, , 5, 0.1616894155740738, 0.030716590913896266
283, 0.2, , 5, 0.1616894155740738, 0.030716579115024605
284, 0.2, , 5, 0.1616894155740738, 0.03071656345100533
285, 0.2, , 5, 0.1616894155740738, 0.030716550329846326
286, 0.2, , 5, 0.1616894155740738, 0.030716537971545405
287, 0.2, , 5, 0.1616894155740738, 0.030716531360108698
288, 0.2, , 5, 0.1616894155740738, 0.03071651884923616
289, 0.2, , 5, 0.1616894155740738, 0.03071650379550335
290, 0.2, , 5, 0.1616894155740738, 0.03071649342063344
291, 0.2, , 5, 0.1616894155740738, 0.030716486097195857
292, 0.2, , 5, 0.1616894155740738, 0.030716478214329015
293, 0.2, , 5, 0.1616894155740738, 0.03071646575431368
294, 0.2, , 5, 0.1616894155740738, 0.030716447394862515
295, 0.2, , 5, 0.1616894155740738, 0.030716446733718848
296, 0.2, , 5, 0.1616894155740738, 0.030716444801145038
297, 0.2, , 5, 0.1616894155740738, 0.030716444750287834
298, 0.2, , 5, 0.1616894155740738, 0.030716444089144163
299, 0.2, , 5, 0.1616894155740738, 0.030716443428000492
300, 0.2, , 5, 0.1616894155740738, 0.03071644210571315
301, 1.0, , 10, 0.15912969410419464, nan
302, 1.0, , 10, 0.16339591145515442, nan
303, 1.0, , 10, 0.164675772190094, nan
304, 1.0, , 10, 0.16339591145515442, nan
305, 1.0, , 10, 0.16339591145515442, nan
306, 1.0, , 10, 0.16339591145515442, nan
307, 1.0, , 10, 0.16339591145515442, nan
308, 1.0, , 10, 0.164675772190094, nan
309, 1.0, , 10, 0.16339591145515442, nan
310, 1.0, , 10, 0.164675772190094, nan
311, 1.0, , 10, 0.16339591145515442, nan
312, 1.0, , 10, 0.16339591145515442, nan
313, 1.0, , 10, 0.16339591145515442, nan
314, 1.0, , 10, 0.16339591145515442, nan
315, 1.0, , 10, 0.16339591145515442, nan
316, 1.0, , 10, 0.16339591145515442, nan
317, 1.0, , 10, 0.16339591145515442, nan
318, 1.0, , 10, 0.164675772190094, nan
319, 1.0, , 10, 0.164675772190094, nan
320, 1.0, , 10, 0.16339591145515442, nan
321, 1.0, , 10, 0.16339591145515442, nan
322, 1.0, , 10, 0.16339591145515442, nan
323, 1.0, , 10, 0.16339591145515442, nan
324, 1.0, , 10, 0.16339591145515442, nan
325, 1.0, , 10, 0.16339591145515442, nan
326, 1.0, , 10, 0.16339591145515442, nan
327, 1.0, , 10, 0.164675772190094, nan
328, 1.0, , 10, 0.164675772190094, nan
329, 1.0, , 10, 0.16339591145515442, nan
330, 1.0, , 10, 0.16339591145515442, nan
331, 0.8, , 10, 0.1595563143491745, 0.030694555910780973
332, 0.8, , 10, 0.16339591145515442, nan
333, 0.8, , 10, 0.16339591145515442, nan
334, 0.8, , 10, 0.16339591145515442, nan
335, 0.8, , 10, 0.16339591145515442, nan
336, 0.8, , 10, 0.16339591145515442, nan
337, 0.8, , 10, 0.16339591145515442, nan
338, 0.8, , 10, 0.16339591145515442, nan
339, 0.8, , 10, 0.16339591145515442, nan
340, 0.8, , 10, 0.16339591145515442, nan
341, 0.8, , 10, 0.16339591145515442, nan
342, 0.8, , 10, 0.16339591145515442, nan
343, 0.8, , 10, 0.16339591145515442, nan
344, 0.8, , 10, 0.16339591145515442, nan
345, 0.8, , 10, 0.16339591145515442, nan
346, 0.8, , 10, 0.16339591145515442, nan
347, 0.8, , 10, 0.16339591145515442, nan
348, 0.8, , 10, 0.16339591145515442, nan
349, 0.8, , 10, 0.16339591145515442, nan
350, 0.8, , 10, 0.16339591145515442, nan
351, 0.8, , 10, 0.16339591145515442, nan
352, 0.8, , 10, 0.16339591145515442, nan
353, 0.8, , 10, 0.16339591145515442, nan
354, 0.8, , 10, 0.16339591145515442, nan
355, 0.8, , 10, 0.16339591145515442, nan
356, 0.8, , 10, 0.16339591145515442, nan
357, 0.8, , 10, 0.16339591145515442, nan
358, 0.8, , 10, 0.16339591145515442, nan
359, 0.8, , 10, 0.16339591145515442, nan
360, 0.8, , 10, 0.16339591145515442, nan
361, 0.6, , 10, 0.15998293459415436, 0.03071726416158188
362, 0.6, , 10, 0.15486347675323486, nan
363, 0.6, , 10, 0.15784983336925507, nan
364, 0.6, , 10, 0.1574232131242752, nan
365, 0.6, , 10, 0.1616894155740738, nan
366, 0.6, , 10, 0.1595563143491745, nan
367, 0.6, , 10, 0.1574232131242752, nan
368, 0.6, , 10, 0.16296927630901337, nan
369, 0.6, , 10, 0.15486347675323486, nan
370, 0.6, , 10, 0.15998293459415436, nan
371, 0.6, , 10, 0.16296927630901337, nan
372, 0.6, , 10, 0.16040955483913422, nan
373, 0.6, , 10, 0.16040955483913422, nan
374, 0.6, , 10, 0.16638225317001343, nan
375, 0.6, , 10, 0.16382253170013428, nan
376, 0.6, , 10, 0.16339591145515442, nan
377, 0.6, , 10, 0.1595563143491745, nan
378, 0.6, , 10, 0.1574232131242752, nan
379, 0.6, , 10, 0.16083617508411407, nan
380, 0.6, , 10, 0.1595563143491745, nan
381, 0.6, , 10, 0.15912969410419464, nan
382, 0.6, , 10, 0.1574232131242752, nan
383, 0.6, , 10, 0.17107509076595306, nan
384, 0.6, , 10, 0.1749146729707718, nan
385, 0.6, , 10, 0.17363481223583221, nan
386, 0.6, , 10, 0.1655290126800537, nan
387, 0.6, , 10, 0.1625426560640335, nan
388, 0.6, , 10, 0.1595563143491745, nan
389, 0.6, , 10, 0.164675772190094, nan
390, 0.6, , 10, 0.164675772190094, nan
391, 0.4, , 10, 0.1595563143491745, 0.030717262737580128
392, 0.4, , 10, 0.1595563143491745, 0.030717227544393964
393, 0.4, , 10, 0.1625426560640335, nan
394, 0.4, , 10, 0.1625426560640335, nan
395, 0.4, , 10, 0.1625426560640335, nan
396, 0.4, , 10, 0.1625426560640335, nan
397, 0.4, , 10, 0.1625426560640335, nan
398, 0.4, , 10, 0.1625426560640335, nan
399, 0.4, , 10, 0.1625426560640335, nan
400, 0.4, , 10, 0.1625426560640335, nan
401, 0.4, , 10, 0.1625426560640335, nan
402, 0.4, , 10, 0.1625426560640335, nan
403, 0.4, , 10, 0.1625426560640335, nan
404, 0.4, , 10, 0.1625426560640335, nan
405, 0.4, , 10, 0.1625426560640335, nan
406, 0.4, , 10, 0.1625426560640335, nan
407, 0.4, , 10, 0.1625426560640335, nan
408, 0.4, , 10, 0.1625426560640335, nan
409, 0.4, , 10, 0.1625426560640335, nan
410, 0.4, , 10, 0.1625426560640335, nan
411, 0.4, , 10, 0.1625426560640335, nan
412, 0.4, , 10, 0.1625426560640335, nan
413, 0.4, , 10, 0.16595563292503357, nan
414, 0.4, , 10, 0.16595563292503357, nan
415, 0.4, , 10, 0.16595563292503357, nan
416, 0.4, , 10, 0.16595563292503357, nan
417, 0.4, , 10, 0.16595563292503357, nan
418, 0.4, , 10, 0.16595563292503357, nan
419, 0.4, , 10, 0.16595563292503357, nan
420, 0.4, , 10, 0.16595563292503357, nan
421, 0.2, , 10, 0.1595563143491745, 0.030717262737580128
422, 0.2, , 10, 0.1595563143491745, 0.030717227544393964
423, 0.2, , 10, 0.1595563143491745, 0.03071719107977766
424, 0.2, , 10, 0.1595563143491745, 0.030717136001424172
425, 0.2, , 10, 0.1595563143491745, 0.030717070497343565
426, 0.2, , 10, 0.1595563143491745, 0.030717022081283987
427, 0.2, , 10, 0.1595563143491745, 0.030717000568686086
428, 0.2, , 10, 0.1595563143491745, 0.030716948846908152
429, 0.2, , 10, 0.1595563143491745, 0.03071689915941844
430, 0.2, , 10, 0.1595563143491745, 0.030716862186230084
431, 0.2, , 10, 0.1595563143491745, 0.0307168249587557
432, 0.2, , 10, 0.1595563143491745, 0.030716784323848556
433, 0.2, , 10, 0.1595563143491745, 0.03071674623180168
434, 0.2, , 10, 0.1595563143491745, 0.03071669903631503
435, 0.2, , 10, 0.1595563143491745, 0.030716665521416647
436, 0.2, , 10, 0.1595563143491745, 0.030716634549378535
437, 0.2, , 10, 0.1595563143491745, 0.030716605103056585
438, 0.2, , 10, 0.1595563143491745, 0.030716561721860346
439, 0.2, , 10, 0.1595563143491745, 0.030716513610943998
440, 0.2, , 10, 0.1595563143491745, 0.030716477400613725
441, 0.2, , 10, 0.1595563143491745, 0.03071645573544421
442, 0.2, , 10, 0.1595563143491745, 0.030716422881689496
443, 0.2, , 10, 0.16595563292503357, 0.030716166866517312
444, 0.2, , 10, 0.16595563292503357, 0.030716166866517312
445, 0.2, , 10, 0.16595563292503357, 0.030716166866517312
446, 0.2, , 10, 0.16595563292503357, 0.030716166866517312
447, 0.2, , 10, 0.16595563292503357, 0.030716166866517312
448, 0.2, , 10, 0.16595563292503357, 0.030716166866517312
449, 0.2, , 10, 0.16595563292503357, 0.030716166866517312
450, 0.2, , 10, 0.16595563292503357, 0.030716166866517312
451, 1.0, , 20, 0.15870307385921478, nan
452, 1.0, , 20, 0.15827645361423492, nan
453, 1.0, , 20, 0.16126279532909393, nan
454, 1.0, , 20, 0.1523037552833557, nan
455, 1.0, , 20, 0.15529009699821472, nan
456, 1.0, , 20, 0.16126279532909393, nan
457, 1.0, , 20, 0.15827645361423492, nan
458, 1.0, , 20, 0.15827645361423492, nan
459, 1.0, , 20, 0.15529009699821472, nan
460, 1.0, , 20, 0.15827645361423492, nan
461, 1.0, , 20, 0.15827645361423492, nan
462, 1.0, , 20, 0.15827645361423492, nan
463, 1.0, , 20, 0.15827645361423492, nan
464, 1.0, , 20, 0.15827645361423492, nan
465, 1.0, , 20, 0.16382253170013428, nan
466, 1.0, , 20, 0.16382253170013428, nan
467, 1.0, , 20, 0.16083617508411407, nan
468, 1.0, , 20, 0.16083617508411407, nan
469, 1.0, , 20, 0.16083617508411407, nan
470, 1.0, , 20, 0.16083617508411407, nan
471, 1.0, , 20, 0.1668088734149933, nan
472, 1.0, , 20, 0.16382253170013428, nan
473, 1.0, , 20, 0.16382253170013428, nan
474, 1.0, , 20, 0.16382253170013428, nan
475, 1.0, , 20, 0.16382253170013428, nan
476, 1.0, , 20, 0.16382253170013428, nan
477, 1.0, , 20, 0.16382253170013428, nan
478, 1.0, , 20, 0.16382253170013428, nan
479, 1.0, , 20, 0.16382253170013428, nan
480, 1.0, , 20, 0.16382253170013428, nan
481, 0.8, , 20, 0.15784983336925507, 0.03107955939940625
482, 0.8, , 20, 0.15827645361423492, nan
483, 0.8, , 20, 0.15827645361423492, nan
484, 0.8, , 20, 0.15827645361423492, nan
485, 0.8, , 20, 0.15827645361423492, nan
486, 0.8, , 20, 0.15827645361423492, nan
487, 0.8, , 20, 0.15827645361423492, nan
488, 0.8, , 20, 0.15827645361423492, nan
489, 0.8, , 20, 0.15827645361423492, nan
490, 0.8, , 20, 0.15827645361423492, nan
491, 0.8, , 20, 0.15827645361423492, nan
492, 0.8, , 20, 0.15827645361423492, nan
493, 0.8, , 20, 0.15827645361423492, nan
494, 0.8, , 20, 0.16382253170013428, nan
495, 0.8, , 20, 0.16382253170013428, nan
496, 0.8, , 20, 0.16382253170013428, nan
497, 0.8, , 20, 0.16382253170013428, nan
498, 0.8, , 20, 0.16382253170013428, nan
499, 0.8, , 20, 0.16382253170013428, nan
500, 0.8, , 20, 0.16382253170013428, nan
501, 0.8, , 20, 0.16382253170013428, nan
502, 0.8, , 20, 0.16382253170013428, nan
503, 0.8, , 20, 0.16382253170013428, nan
504, 0.8, , 20, 0.16382253170013428, nan
505, 0.8, , 20, 0.16382253170013428, nan
506, 0.8, , 20, 0.16382253170013428, nan
507, 0.8, , 20, 0.16382253170013428, nan
508, 0.8, , 20, 0.16382253170013428, nan
509, 0.8, , 20, 0.16382253170013428, nan
510, 0.8, , 20, 0.16382253170013428, nan
511, 0.6, , 20, 0.15529009699821472, 0.03071832951832143
512, 0.6, , 20, 0.1616894155740738, nan
513, 0.6, , 20, 0.15401023626327515, nan
514, 0.6, , 20, 0.15827645361423492, nan
515, 0.6, , 20, 0.15827645361423492, nan
516, 0.6, , 20, 0.15827645361423492, nan
517, 0.6, , 20, 0.1565699726343155, nan
518, 0.6, , 20, 0.15614333748817444, nan
519, 0.6, , 20, 0.15827645361423492, nan
520, 0.6, , 20, 0.15827645361423492, nan
521, 0.6, , 20, 0.15827645361423492, nan
522, 0.6, , 20, 0.15827645361423492, nan
523, 0.6, , 20, 0.16382253170013428, nan
524, 0.6, , 20, 0.164675772190094, nan
525, 0.6, , 20, 0.16382253170013428, nan
526, 0.6, , 20, 0.16382253170013428, nan
527, 0.6, , 20, 0.16083617508411407, nan
528, 0.6, , 20, 0.16083617508411407, nan
529, 0.6, , 20, 0.16382253170013428, nan
530, 0.6, , 20, 0.16382253170013428, nan
531, 0.6, , 20, 0.16638225317001343, nan
532, 0.6, , 20, 0.16382253170013428, nan
533, 0.6, , 20, 0.16382253170013428, nan
534, 0.6, , 20, 0.16382253170013428, nan
535, 0.6, , 20, 0.1668088734149933, nan
536, 0.6, , 20, 0.1655290126800537, nan
537, 0.6, , 20, 0.16382253170013428, nan
538, 0.6, , 20, 0.16424915194511414, nan
539, 0.6, , 20, 0.16382253170013428, nan
540, 0.6, , 20, 0.16382253170013428, nan
541, 0.4, , 20, 0.15529009699821472, 0.030718340045762956
542, 0.4, , 20, 0.15529009699821472, 0.03071818732157502
543, 0.4, , 20, 0.1523037552833557, nan
544, 0.4, , 20, 0.15827645361423492, nan
545, 0.4, , 20, 0.15529009699821472, nan
546, 0.4, , 20, 0.15529009699821472, nan
547, 0.4, , 20, 0.15529009699821472, nan
548, 0.4, , 20, 0.15529009699821472, nan
549, 0.4, , 20, 0.15529009699821472, nan
550, 0.4, , 20, 0.15529009699821472, nan
551, 0.4, , 20, 0.15529009699821472, nan
552, 0.4, , 20, 0.16595563292503357, nan
553, 0.4, , 20, 0.16595563292503357, nan
554, 0.4, , 20, 0.16595563292503357, nan
555, 0.4, , 20, 0.16595563292503357, nan
556, 0.4, , 20, 0.16595563292503357, nan
557, 0.4, , 20, 0.16595563292503357, nan
558, 0.4, , 20, 0.16595563292503357, nan
559, 0.4, , 20, 0.16595563292503357, nan
560, 0.4, , 20, 0.16595563292503357, nan
561, 0.4, , 20, 0.16595563292503357, nan
562, 0.4, , 20, 0.16595563292503357, nan
563, 0.4, , 20, 0.16595563292503357, nan
564, 0.4, , 20, 0.16595563292503357, nan
565, 0.4, , 20, 0.16595563292503357, nan
566, 0.4, , 20, 0.16595563292503357, nan
567, 0.4, , 20, 0.16595563292503357, nan
568, 0.4, , 20, 0.16595563292503357, nan
569, 0.4, , 20, 0.16595563292503357, nan
570, 0.4, , 20, 0.16595563292503357, nan
571, 0.2, , 20, 0.15529009699821472, 0.030718340045762956
572, 0.2, , 20, 0.15529009699821472, 0.03071818732157502
573, 0.2, , 20, 0.15529009699821472, 0.03071799752248432
574, 0.2, , 20, 0.15529009699821472, 0.030717776395355067
575, 0.2, , 20, 0.15529009699821472, 0.030717612635153553
576, 0.2, , 20, 0.15529009699821472, 0.03071749566358104
577, 0.2, , 20, 0.15529009699821472, 0.03071736607942158
578, 0.2, , 20, 0.15529009699821472, 0.03071716000602514
579, 0.2, , 20, 0.15529009699821472, 0.03071697127493575
580, 0.2, , 20, 0.15529009699821472, 0.03071684326734966
581, 0.2, , 20, 0.15529009699821472, 0.03071673321235709
582, 0.2, , 20, 0.16595563292503357, 0.030716166866517312
583, 0.2, , 20, 0.16595563292503357, 0.030716166866517312
584, 0.2, , 20, 0.16595563292503357, 0.030716166866517312
585, 0.2, , 20, 0.16595563292503357, 0.030716166866517312
586, 0.2, , 20, 0.16595563292503357, 0.030716166866517312
587, 0.2, , 20, 0.16595563292503357, 0.030716166866517312
588, 0.2, , 20, 0.16595563292503357, 0.030716166866517312
589, 0.2, , 20, 0.16595563292503357, 0.030716166866517312
590, 0.2, , 20, 0.16595563292503357, 0.030716166866517312
591, 0.2, , 20, 0.16595563292503357, 0.030716166866517312
592, 0.2, , 20, 0.16595563292503357, 0.030716166866517312
593, 0.2, , 20, 0.16595563292503357, 0.030716166866517312
594, 0.2, , 20, 0.16595563292503357, 0.030716166866517312
595, 0.2, , 20, 0.16595563292503357, 0.030716166866517312
596, 0.2, , 20, 0.16595563292503357, 0.030716166866517312
597, 0.2, , 20, 0.16595563292503357, 0.030716166866517312
598, 0.2, , 20, 0.16595563292503357, 0.030716166866517312
599, 0.2, , 20, 0.16595563292503357, 0.030716166866517312
600, 0.2, , 20, 0.16595563292503357, 0.030716166866517312
